<?xml version="1.0" encoding="UTF-8"?>
<project-private xmlns="http://www.netbeans.org/ns/project-private/1">
    <editor-bookmarks xmlns="http://www.netbeans.org/ns/editor-bookmarks/2" lastBookmarkId="0"/>
    <open-files xmlns="http://www.netbeans.org/ns/projectui-open-files/2">
        <group>
            <file>file:/C:/Users/thom991/Documents/Match_to_Chenomx/web/includes/NMRMSTranslator.html</file>
            <file>file:/C:/Users/thom991/Documents/Match_to_Chenomx/web/front-end-frameworks/scss/main.scss</file>
            <file>file:/C:/Users/thom991/Documents/Match_to_Chenomx/web/landing.html</file>
            <file>file:/C:/Users/thom991/Documents/Match_to_Chenomx/src/java/rmi/tasks/NMRMSTranslatorTask.java</file>
            <file>file:/C:/Users/thom991/Documents/Match_to_Chenomx/web/front-end-frameworks/javascript/pnnl.js</file>
        </group>
    </open-files>
</project-private>
